"zip","city","county","population"
"11368","Corona","Queens","108661"
"11385","Ridgewood","Queens","105025"
"11211","Brooklyn","Kings","104561"
"11208","Brooklyn","Kings","102626"
"10467","Bronx","Bronx","100867"
"11236","Brooklyn","Kings","98821"
"11373","Elmhurst","Queens","96495"
"11226","Brooklyn","Kings","96332"
"10025","New York City","New York","92162"
"11207","Brooklyn","Kings","90867"
"11220","Brooklyn","Kings","90657"
"10456","Bronx","Bronx","90479"
"11234","Brooklyn","Kings","90372"
"11214","Brooklyn","Kings","90372"
"10314","Staten Island","Richmond","89938"
"11219","Brooklyn","Kings","87812"
"11206","Brooklyn","Kings","87599"
"11230","Brooklyn","Kings","87188"
"10458","Bronx","Bronx","85893"
"11221","Brooklyn","Kings","85582"
"11377","Woodside","Queens","82021"
"11229","Brooklyn","Kings","81909"
"11355","Flushing","Queens","81358"
"11223","Brooklyn","Kings","80500"
"11233","Brooklyn","Kings","79796"
"10453","Bronx","Bronx","78858"
"10468","Bronx","Bronx","78778"
"11203","Brooklyn","Kings","77589"
"11235","Brooklyn","Kings","76921"
"11204","Brooklyn","Kings","75840"
"10462","Bronx","Bronx","75441"
"10457","Bronx","Bronx","74679"
"10029","New York City","New York","74617"
"10466","Bronx","Bronx","74519"
"10452","Bronx","Bronx","74379"
"10002","New York City","New York","74363"
"11212","Brooklyn","Kings","74037"
"11218","Brooklyn","Kings","73280"
"11375","Forest Hills","Queens","72615"
"10469","Bronx","Bronx","72550"
"10463","Bronx","Bronx","70236"
"11215","Brooklyn","Kings","69995"
"11691","Far Rockaway","Queens","68454"
"11209","Brooklyn","Kings","68368"
"10472","Bronx","Bronx","67989"
"11706","Bay Shore","Suffolk","67484"
"11213","Brooklyn","Kings","67382"
"11746","Huntington Station","Suffolk","66518"
"11201","Brooklyn","Kings","64798"
"10027","New York City","New York","64728"
"10977","Spring Valley","Rockland","64677"
"11432","Jamaica","Queens","64282"
"14850","Ithaca","Tompkins","64224"
"11372","Jackson Heights","Queens","63107"
"11717","Brentwood","Suffolk","62888"
"11434","Jamaica","Queens","62590"
"11210","Brooklyn","Kings","62423"
"10023","New York City","New York","62228"
"10701","Yonkers","Westchester","61367"
"10312","Staten Island","Richmond","61114"
"10024","New York City","New York","60714"
"10031","New York City","New York","60280"
"10473","Bronx","Bronx","59627"
"11216","Brooklyn","Kings","59567"
"10032","New York City","New York","59527"
"11435","Jamaica","Queens","59392"
"10033","New York City","New York","58648"
"10009","New York City","New York","58267"
"10128","New York City","New York","57993"
"10460","Bronx","Bronx","57514"
"11550","Hempstead","Nassau","57073"
"11225","Brooklyn","Kings","56072"
"11238","Brooklyn","Kings","55102"
"10003","New York City","New York","54671"
"12550","Newburgh","Orange","54503"
"10306","Staten Island","Richmond","54318"
"14221","Buffalo","Erie","53727"
"14580","Webster","Monroe","53593"
"12180","Troy","Rensselaer","53181"
"11758","Massapequa","Nassau","53034"
"10950","Monroe","Orange","53013"
"10016","New York City","New York","52912"
"11354","Flushing","Queens","52351"
"10461","Bronx","Bronx","51081"
"10011","New York City","New York","50228"
"14094","Lockport","Niagara","49792"
"10940","Middletown","Orange","49430"
"10451","Bronx","Bronx","49423"
"10459","Bronx","Bronx","48391"
"10028","New York City","New York","47962"
"11419","South Richmond Hill","Queens","47955"
"11205","Brooklyn","Kings","47866"
"11590","Westbury","Nassau","47468"
"11420","South Ozone Park","Queens","47266"
"11237","Brooklyn","Kings","46772"
"11772","Patchogue","Suffolk","46311"
"11224","Brooklyn","Kings","45587"
"10019","New York City","New York","45521"
"10040","New York City","New York","45197"
"10465","Bronx","Bronx","45066"
"11003","Elmont","Nassau","44712"
"11757","Lindenhurst","Suffolk","44130"
"11228","Brooklyn","Kings","43878"
"10475","Bronx","Bronx","43791"
"14120","North Tonawanda","Niagara","43738"
"11365","Fresh Meadows","Queens","43730"
"11520","Freeport","Nassau","43451"
"10952","Monsey","Rockland","43374"
"11374","Rego Park","Queens","43173"
"10305","Staten Island","Richmond","42968"
"14075","Hamburg","Erie","42958"
"11756","Levittown","Nassau","42856"
"11743","Huntington","Suffolk","42636"
"14450","Fairport","Monroe","42513"
"11217","Brooklyn","Kings","42461"
"12065","Clifton Park","Saratoga","42432"
"10021","New York City","New York","42253"
"12603","Poughkeepsie","Dutchess","42140"
"10304","Staten Island","Richmond","42133"
"13760","Endicott","Broome","42103"
"10034","New York City","New York","41933"
"11580","Valley Stream","Nassau","41930"
"11413","Springfield Gardens","Queens","41810"
"11040","New Hyde Park","Nassau","41523"
"13440","Rome","Oneida","41342"
"14215","Buffalo","Erie","41340"
"14150","Tonawanda","Erie","41144"
"10583","Scarsdale","Westchester","41087"
"12601","Poughkeepsie","Dutchess","41037"
"14224","Buffalo","Erie","40903"
"10801","New Rochelle","Westchester","40445"
"10455","Bronx","Bronx","40300"
"11801","Hicksville","Nassau","40179"
"11367","Flushing","Queens","40141"
"11357","Whitestone","Queens","40118"
"14609","Rochester","Monroe","40081"
"11704","West Babylon","Suffolk","39960"
"10705","Yonkers","Westchester","39848"
"11421","Woodhaven","Queens","39654"
"14701","Jamestown","Chautauqua","39214"
"11378","Maspeth","Queens","39033"
"10026","New York City","New York","38937"
"10573","Port Chester","Westchester","38749"
"12866","Saratoga Springs","Saratoga","38732"
"11779","Ronkonkoma","Suffolk","38091"
"10301","Staten Island","Richmond","38001"
"11554","East Meadow","Nassau","37992"
"11412","Saint Albans","Queens","37987"
"14624","Rochester","Monroe","37873"
"10454","Bronx","Bronx","37807"
"11231","Brooklyn","Kings","37796"
"11379","Middle Village","Queens","37780"
"11561","Long Beach","Nassau","37759"
"11418","Richmond Hill","Queens","37666"
"13021","Auburn","Cayuga","37528"
"11105","Astoria","Queens","37452"
"13501","Utica","Oneida","37132"
"11106","Astoria","Queens","37094"
"10035","New York City","New York","36999"
"13601","Watertown","Jefferson","36982"
"11433","Jamaica","Queens","36929"
"11222","Brooklyn","Kings","36710"
"11358","Flushing","Queens","36665"
"10550","Mount Vernon","Westchester","36382"
"11364","Oakland Gardens","Queens","35866"
"11710","Bellmore","Nassau","35473"
"11103","Astoria","Queens","35419"
"13126","Oswego","Oswego","35369"
"12590","Wappingers Falls","Dutchess","34823"
"12401","Kingston","Ulster","34800"
"10010","New York City","New York","34763"
"14612","Rochester","Monroe","34316"
"11722","Central Islip","Suffolk","34139"
"11510","Baldwin","Nassau","33949"
"13027","Baldwinsville","Onondaga","33937"
"10309","Staten Island","Richmond","33896"
"11787","Smithtown","Suffolk","33837"
"14621","Rochester","Monroe","33757"
"11566","Merrick","Nassau","33626"
"14225","Buffalo","Erie","33360"
"11735","Farmingdale","Nassau","33299"
"12020","Ballston Spa","Saratoga","33235"
"12901","Plattsburgh","Clinton","33048"
"11422","Rosedale","Queens","32786"
"14086","Lancaster","Erie","32653"
"11101","Long Island City","Queens","32537"
"13502","Utica","Oneida","32437"
"14534","Pittsford","Monroe","31975"
"10562","Ossining","Westchester","31847"
"10022","New York City","New York","31574"
"11417","Ozone Park","Queens","31156"
"10704","Yonkers","Westchester","31110"
"10030","New York City","New York","30996"
"12309","Schenectady","Schenectady","30992"
"11731","East Northport","Suffolk","30951"
"12203","Albany","Albany","30837"
"11050","Port Washington","Nassau","30699"
"10956","New City","Rockland","30697"
"11369","East Elmhurst","Queens","30693"
"11793","Wantagh","Nassau","30601"
"14127","Orchard Park","Erie","29964"
"14626","Rochester","Monroe","29941"
"14226","Buffalo","Erie","29920"
"11423","Hollis","Queens","29532"
"12303","Schenectady","Schenectady","29416"
"11370","East Elmhurst","Queens","29366"
"11727","Coram","Suffolk","29262"
"11725","Commack","Suffolk","29229"
"11803","Plainview","Nassau","29208"
"11967","Shirley","Suffolk","29130"
"10014","New York City","New York","29071"
"13090","Liverpool","Onondaga","29017"
"14304","Niagara Falls","Niagara","29001"
"13045","Cortland","Cortland","28975"
"10308","Staten Island","Richmond","28901"
"11720","Centereach","Suffolk","28773"
"11763","Medford","Suffolk","28769"
"11901","Riverhead","Suffolk","28760"
"10598","Yorktown Heights","Westchester","28708"
"11572","Oceanside","Nassau","28673"
"10013","New York City","New York","28657"
"11361","Bayside","Queens","28531"
"11102","Astoria","Queens","28359"
"10036","New York City","New York","28231"
"14424","Canandaigua","Ontario","28055"
"11429","Queens Village","Queens","27808"
"14606","Rochester","Monroe","27711"
"11414","Howard Beach","Queens","27672"
"11530","Garden City","Nassau","27669"
"11542","Glen Cove","Nassau","27666"
"12302","Schenectady","Schenectady","27665"
"12010","Amsterdam","Montgomery","27556"
"11701","Amityville","Suffolk","27264"
"11570","Rockville Centre","Nassau","27240"
"13210","Syracuse","Onondaga","27172"
"10303","Staten Island","Richmond","27164"
"10039","New York City","New York","27090"
"11553","Uniondale","Nassau","26938"
"14616","Rochester","Monroe","26935"
"12306","Schenectady","Schenectady","26934"
"10541","Mahopac","Putnam","26678"
"12553","New Windsor","Orange","26665"
"11001","Floral Park","Nassau","26542"
"11232","Brooklyn","Kings","26501"
"12533","Hopewell Junction","Dutchess","26361"
"11741","Holbrook","Suffolk","26245"
"13905","Binghamton","Broome","26151"
"12804","Queensbury","Warren","26112"
"11416","Ozone Park","Queens","26087"
"12205","Albany","Albany","26039"
"10954","Nanuet","Rockland","25870"
"11791","Syosset","Nassau","25776"
"11729","Deer Park","Suffolk","25597"
"11010","Franklin Square","Nassau","25318"
"11552","West Hempstead","Nassau","25169"
"10710","Yonkers","Westchester","25104"
"11427","Queens Village","Queens","25096"
"11795","West Islip","Suffolk","25062"
"14043","Depew","Erie","25058"
"11104","Sunnyside","Queens","25037"
"10001","New York City","New York","25026"
"11784","Selden","Suffolk","25014"
"14623","Rochester","Monroe","24720"
"10512","Carmel","Putnam","24619"
"10038","New York City","New York","24205"
"11356","College Point","Queens","24178"
"10310","Staten Island","Richmond","24168"
"10566","Peekskill","Westchester","24111"
"13069","Fulton","Oswego","24111"
"14620","Rochester","Monroe","23912"
"10901","Suffern","Rockland","23860"
"14207","Buffalo","Erie","23773"
"11776","Port Jefferson Station","Suffolk","23578"
"14228","Buffalo","Erie","23406"
"14618","Rochester","Monroe","23252"
"10591","Tarrytown","Westchester","23059"
"10012","New York City","New York","23034"
"14217","Buffalo","Erie","23017"
"12078","Gloversville","Fulton","22956"
"11714","Bethpage","Nassau","22769"
"14220","Buffalo","Erie","22641"
"10703","Yonkers","Westchester","22636"
"10471","Bronx","Bronx","22577"
"13208","Syracuse","Onondaga","22560"
"11692","Arverne","Queens","22394"
"13850","Vestal","Broome","22392"
"11762","Massapequa Park","Nassau","22263"
"10708","Bronxville","Westchester","22212"
"14211","Buffalo","Erie","22206"
"13820","Oneonta","Otsego","22157"
"14213","Buffalo","Erie","22132"
"14020","Batavia","Genesee","22060"
"14617","Rochester","Monroe","21985"
"11581","Valley Stream","Nassau","21847"
"14223","Buffalo","Erie","21734"
"13212","Syracuse","Onondaga","21557"
"11563","Lynbrook","Nassau","21537"
"14216","Buffalo","Erie","21464"
"12047","Cohoes","Albany","21453"
"10552","Mount Vernon","Westchester","21342"
"10805","New Rochelle","Westchester","21331"
"14072","Grand Island","Erie","21287"
"11783","Seaford","Nassau","21285"
"11694","Rockaway Park","Queens","21258"
"12110","Latham","Albany","21223"
"14420","Brockport","Monroe","21124"
"11726","Copiague","Suffolk","21012"
"10543","Mamaroneck","Westchester","20999"
"12304","Schenectady","Schenectady","20929"
"13088","Liverpool","Onondaga","20926"
"11768","Northport","Suffolk","20903"
"10990","Warwick","Orange","20735"
"12144","Rensselaer","Rensselaer","20604"
"14227","Buffalo","Erie","20540"
"12208","Albany","Albany","20517"
"11411","Cambria Heights","Queens","20473"
"14845","Horseheads","Chemung","20401"
"10509","Brewster","Putnam","20230"
"11426","Bellerose","Queens","20222"
"10567","Cortlandt Manor","Westchester","20094"
"14206","Buffalo","Erie","20064"
"10605","White Plains","Westchester","19849"
"11428","Queens Village","Queens","19830"
"12508","Beacon","Dutchess","19812"
"14214","Buffalo","Erie","19754"
"11501","Mineola","Nassau","19675"
"14456","Geneva","Ontario","19539"
"11738","Farmingville","Suffolk","19364"
"13204","Syracuse","Onondaga","19264"
"14051","East Amherst","Erie","19178"
"10037","New York City","New York","19177"
"14830","Corning","Steuben","19138"
"14526","Penfield","Monroe","19001"
"11436","Jamaica","Queens","18955"
"14218","Buffalo","Erie","18935"
"11360","Bayside","Queens","18892"
"10603","White Plains","Westchester","18862"
"11747","Melville","Suffolk","18795"
"13901","Binghamton","Broome","18786"
"11362","Little Neck","Queens","18694"
"14559","Spencerport","Monroe","18584"
"11415","Kew Gardens","Queens","18464"
"11030","Manhasset","Nassau","18450"
"12561","New Paltz","Ulster","18224"
"11021","Great Neck","Nassau","18181"
"14468","Hilton","Monroe","17994"
"12189","Watervliet","Albany","17945"
"10302","Staten Island","Richmond","17942"
"13903","Binghamton","Broome","17905"
"12477","Saugerties","Ulster","17870"
"11754","Kings Park","Suffolk","17861"
"12589","Wallkill","Ulster","17843"
"12534","Hudson","Columbia","17814"
"13790","Johnson City","Broome","17763"
"14052","East Aurora","Erie","17664"
"14760","Olean","Cattaraugus","17567"
"14611","Rochester","Monroe","17429"
"12831","Gansevoort","Saratoga","17389"
"10580","Rye","Westchester","17185"
"13039","Cicero","Onondaga","17078"
"14305","Niagara Falls","Niagara","17026"
"11733","East Setauket","Suffolk","17000"
"12054","Delmar","Albany","16948"
"14607","Rochester","Monroe","16880"
"13203","Syracuse","Onondaga","16876"
"13206","Syracuse","Onondaga","16837"
"11703","North Babylon","Suffolk","16820"
"14615","Rochester","Monroe","16812"
"11575","Roosevelt","Nassau","16799"
"13676","Potsdam","St. Lawrence","16754"
"13205","Syracuse","Onondaga","16746"
"11788","Hauppauge","Suffolk","16693"
"11937","East Hampton","Suffolk","16672"
"12118","Mechanicville","Saratoga","16467"
"10606","White Plains","Westchester","16199"
"13662","Massena","St. Lawrence","16179"
"10538","Larchmont","Westchester","16151"
"11950","Mastic","Suffolk","16130"
"10549","Mount Kisco","Westchester","16121"
"11790","Stony Brook","Suffolk","16099"
"10017","New York City","New York","16065"
"13104","Manlius","Onondaga","16038"
"11780","Saint James","Suffolk","15934"
"13669","Ogdensburg","St. Lawrence","15870"
"10960","Nyack","Rockland","15757"
"13413","New Hartford","Oneida","15750"
"11798","Wyandanch","Suffolk","15636"
"12524","Fishkill","Dutchess","15608"
"14901","Elmira","Chemung","15581"
"12206","Albany","Albany","15537"
"10470","Bronx","Bronx","15500"
"10965","Pearl River","Rockland","15493"
"13031","Camillus","Onondaga","15484"
"12953","Malone","Franklin","15469"
"14613","Rochester","Monroe","15375"
"14564","Victor","Ontario","15359"
"11004","Glen Oaks","Queens","15297"
"14904","Elmira","Chemung","15109"
"14222","Buffalo","Erie","15103"
"11946","Hampton Bays","Suffolk","15058"
"11782","Sayville","Suffolk","15057"
"10307","Staten Island","Richmond","15053"
"11767","Nesconset","Suffolk","15051"
"13219","Syracuse","Onondaga","14819"
"11951","Mastic Beach","Suffolk","14756"
"12538","Hyde Park","Dutchess","14566"
"14048","Dunkirk","Chautauqua","14414"
"12771","Port Jervis","Orange","14408"
"10804","New Rochelle","Westchester","14365"
"12801","Glens Falls","Warren","14330"
"13215","Syracuse","Onondaga","14306"
"11953","Middle Island","Suffolk","14301"
"12019","Ballston Lake","Saratoga","14244"
"14210","Buffalo","Erie","14148"
"11366","Fresh Meadows","Queens","14109"
"12308","Schenectady","Schenectady","14038"
"11598","Woodmere","Nassau","13977"
"11702","Babylon","Suffolk","13963"
"10980","Stony Point","Rockland","13923"
"14063","Fredonia","Chautauqua","13891"
"12182","Troy","Rensselaer","13886"
"14619","Rochester","Monroe","13788"
"14513","Newark","Wayne","13749"
"11961","Ridge","Suffolk","13701"
"14411","Albion","Orleans","13671"
"11764","Miller Place","Suffolk","13633"
"10924","Goshen","Orange","13538"
"11949","Manorville","Suffolk","13457"
"11751","Islip","Suffolk","13399"
"10528","Harrison","Westchester","13395"
"10941","Middletown","Orange","13384"
"14610","Rochester","Monroe","13373"
"11730","East Islip","Suffolk","13335"
"13421","Oneida","Madison","13230"
"13057","East Syracuse","Onondaga","13126"
"11753","Jericho","Nassau","13092"
"11693","Far Rockaway","Queens","13029"
"12839","Hudson Falls","Washington","13011"
"10530","Hartsdale","Westchester","12925"
"14622","Rochester","Monroe","12906"
"13815","Norwich","Chenango","12901"
"10520","Croton On Hudson","Westchester","12885"
"14527","Penn Yan","Yates","12835"
"11239","Brooklyn","Kings","12832"
"10570","Pleasantville","Westchester","12780"
"10044","New York City","New York","12770"
"12528","Highland","Ulster","12767"
"11545","Glen Head","Nassau","12686"
"11576","Roslyn","Nassau","12606"
"13207","Syracuse","Onondaga","12552"
"10514","Chappaqua","Westchester","12543"
"13032","Canastota","Madison","12522"
"11755","Lake Grove","Suffolk","12514"
"10803","Pelham","Westchester","12492"
"14843","Hornell","Steuben","12447"
"13066","Fayetteville","Onondaga","12443"
"13209","Syracuse","Onondaga","12364"
"10918","Chester","Orange","12286"
"14004","Alden","Erie","12240"
"14425","Farmington","Ontario","12230"
"11577","Roslyn Heights","Nassau","12120"
"10927","Haverstraw","Rockland","12076"
"12095","Johnstown","Fulton","11986"
"11742","Holtsville","Suffolk","11968"
"12566","Pine Bush","Orange","11886"
"11778","Rocky Point","Suffolk","11855"
"14586","West Henrietta","Monroe","11848"
"14301","Niagara Falls","Niagara","11838"
"13041","Clay","Onondaga","11808"
"12188","Waterford","Saratoga","11774"
"12586","Walden","Orange","11774"
"14810","Bath","Steuben","11673"
"13323","Clinton","Oneida","11585"
"10474","Bronx","Bronx","11579"
"13617","Canton","St. Lawrence","11556"
"13827","Owego","Tioga","11538"
"14519","Ontario","Wayne","11537"
"14605","Rochester","Monroe","11457"
"12549","Montgomery","Orange","11453"
"14219","Buffalo","Erie","11391"
"12701","Monticello","Sullivan","11278"
"14437","Dansville","Livingston","11274"
"14608","Rochester","Monroe","11260"
"14454","Geneseo","Livingston","11237"
"12211","Albany","Albany","11227"
"14201","Buffalo","Erie","11192"
"10604","West Harrison","Westchester","11132"
"13492","Whitesboro","Oneida","11118"
"12210","Albany","Albany","11057"
"10522","Dobbs Ferry","Westchester","11052"
"11766","Mount Sinai","Suffolk","11018"
"10536","Katonah","Westchester","11002"
"14212","Buffalo","Erie","10973"
"13078","Jamesville","Onondaga","10940"
"14092","Lewiston","Niagara","10819"
"11968","Southampton","Suffolk","10778"
"13357","Ilion","Herkimer","10748"
"13148","Seneca Falls","Seneca","10648"
"14502","Macedon","Wayne","10551"
"14103","Medina","Orleans","10448"
"14059","Elma","Erie","10446"
"13619","Carthage","Jefferson","10439"
"10970","Pomona","Rockland","10433"
"14208","Buffalo","Erie","10346"
"10510","Briarcliff Manor","Westchester","10300"
"11596","Williston Park","Nassau","10276"
"10601","White Plains","Westchester","10256"
"12209","Albany","Albany","10237"
"14870","Painted Post","Steuben","10202"
"14031","Clarence","Erie","10158"
"14032","Clarence Center","Erie","10084"
"13642","Gouverneur","St. Lawrence","10055"
"14625","Rochester","Monroe","10051"
"12571","Red Hook","Dutchess","10037"
"14467","Henrietta","Monroe","9909"
"13165","Waterloo","Seneca","9905"
"12569","Pleasant Valley","Dutchess","9838"
"14006","Angola","Erie","9823"
"11518","East Rockaway","Nassau","9819"
"13904","Binghamton","Broome","9789"
"10930","Highland Mills","Orange","9789"
"13037","Chittenango","Madison","9775"
"11716","Bohemia","Suffolk","9748"
"10553","Mount Vernon","Westchester","9747"
"13350","Herkimer","Herkimer","9727"
"12414","Catskill","Greene","9726"
"12061","East Greenbush","Rensselaer","9725"
"10707","Tuckahoe","Westchester","9713"
"12828","Fort Edward","Washington","9690"
"13036","Central Square","Oswego","9632"
"14522","Palmyra","Wayne","9559"
"11771","Oyster Bay","Nassau","9517"
"11023","Great Neck","Nassau","9479"
"10523","Elmsford","Westchester","9415"
"10280","New York City","New York","9372"
"10709","Eastchester","Westchester","9369"
"14001","Akron","Erie","9324"
"11740","Greenlawn","Suffolk","9321"
"13603","Watertown","Jefferson","9274"
"14472","Honeoye Falls","Monroe","9271"
"11777","Port Jefferson","Suffolk","9156"
"11797","Woodbury","Nassau","8998"
"12572","Rhinebeck","Dutchess","8961"
"14895","Wellsville","Allegany","8957"
"11565","Malverne","Nassau","8921"
"10920","Congers","Rockland","8919"
"13367","Lowville","Lewis","8893"
"12540","Lagrangeville","Dutchess","8882"
"14011","Attica","Wyoming","8864"
"10992","Washingtonville","Orange","8830"
"11752","Islip Terrace","Suffolk","8821"
"13035","Cazenovia","Madison","8707"
"10005","New York City","New York","8664"
"10706","Hastings On Hudson","Westchester","8622"
"13224","Syracuse","Onondaga","8486"
"13365","Little Falls","Herkimer","8472"
"10595","Valhalla","Westchester","8439"
"11558","Island Park","Nassau","8435"
"10989","Valley Cottage","Rockland","8415"
"11792","Wading River","Suffolk","8413"
"13214","Syracuse","Onondaga","8392"
"14905","Elmira","Chemung","8330"
"12803","South Glens Falls","Saratoga","8317"
"11769","Oakdale","Suffolk","8299"
"11559","Lawrence","Nassau","8265"
"10579","Putnam Valley","Putnam","8250"
"11713","Bellport","Suffolk","8247"
"14482","Le Roy","Genesee","8230"
"12043","Cobleskill","Schoharie","8202"
"14057","Eden","Erie","8192"
"11096","Inwood","Nassau","8155"
"12033","Castleton On Hudson","Rensselaer","8152"
"10018","New York City","New York","8135"
"10589","Somers","Westchester","8080"
"10504","Armonk","Westchester","8053"
"10547","Mohegan Lake","Westchester","8034"
"11705","Bayport","Suffolk","8033"
"13340","Frankfort","Herkimer","8023"
"14204","Buffalo","Erie","8003"
"12159","Slingerlands","Albany","7971"
"11557","Hewlett","Nassau","7950"
"11024","Great Neck","Nassau","7869"
"13152","Skaneateles","Onondaga","7841"
"14209","Buffalo","Erie","7807"
"14445","East Rochester","Monroe","7761"
"12202","Albany","Albany","7753"
"10923","Garnerville","Rockland","7753"
"14892","Waverly","Tioga","7748"
"12983","Saranac Lake","Franklin","7719"
"12564","Pawling","Dutchess","7710"
"12009","Altamont","Albany","7690"
"14085","Lake View","Erie","7605"
"13732","Apalachin","Tioga","7602"
"12563","Patterson","Putnam","7579"
"10007","New York City","New York","7566"
"14141","Springville","Erie","7534"
"14589","Williamson","Wayne","7502"
"12204","Albany","Albany","7497"
"11789","Sound Beach","Suffolk","7496"
"13403","Marcy","Oneida","7485"
"11516","Cedarhurst","Nassau","7476"
"10533","Irvington","Westchester","7463"
"14464","Hamlin","Monroe","7419"
"13029","Brewerton","Onondaga","7360"
"11934","Center Moriches","Suffolk","7357"
"14470","Holley","Orleans","7331"
"14428","Churchville","Monroe","7278"
"12307","Schenectady","Schenectady","7219"
"10590","South Salem","Westchester","7208"
"14903","Elmira","Chemung","7186"
"14068","Getzville","Erie","7169"
"10607","White Plains","Westchester","7162"
"10507","Bedford Hills","Westchester","7152"
"12754","Liberty","Sullivan","7142"
"12198","Wynantskill","Rensselaer","7119"
"10994","West Nyack","Rockland","7115"
"12018","Averill Park","Rensselaer","7112"
"14489","Lyons","Wayne","7065"
"11507","Albertson","Nassau","7051"
"11963","Sag Harbor","Suffolk","6966"
"14070","Gowanda","Cattaraugus","6958"
"13202","Syracuse","Onondaga","6943"
"11560","Locust Valley","Nassau","6850"
"11363","Little Neck","Queens","6834"
"14414","Avon","Livingston","6797"
"12570","Poughquag","Dutchess","6772"
"12051","Coxsackie","Greene","6769"
"12184","Valatie","Columbia","6762"
"13073","Groton","Tompkins","6729"
"11709","Bayville","Nassau","6720"
"12972","Peru","Clinton","6611"
"13114","Mexico","Oswego","6594"
"12158","Selkirk","Albany","6550"
"14779","Salamanca","Cattaraugus","6537"
"12428","Ellenville","Ulster","6535"
"14047","Derby","Erie","6525"
"10069","New York City","New York","6504"
"12832","Granville","Washington","6500"
"14886","Trumansburg","Tompkins","6490"
"12077","Glenmont","Albany","6488"
"13142","Pulaski","Oswego","6486"
"11933","Calverton","Suffolk","6475"
"13077","Homer","Cortland","6462"
"10577","Purchase","Westchester","6387"
"13339","Fort Plain","Montgomery","6382"
"10996","West Point","Orange","6342"
"11020","Great Neck","Nassau","6325"
"14514","North Chili","Monroe","6293"
"11721","Centerport","Suffolk","6258"
"12305","Schenectady","Schenectady","6246"
"14568","Walworth","Wayne","6241"
"11786","Shoreham","Suffolk","6225"
"13346","Hamilton","Madison","6225"
"12582","Stormville","Dutchess","6213"
"13865","Windsor","Broome","6203"
"13108","Marcellus","Onondaga","6193"
"12186","Voorheesville","Albany","6190"
"13316","Camden","Oneida","6168"
"13902","Binghamton","Broome","6162"
"12222","Albany","Albany","6151"
"13118","Moravia","Cayuga","6130"
"11109","Long Island City","Queens","6127"
"13211","Syracuse","Onondaga","6117"
"14706","Allegany","Cattaraugus","6110"
"12834","Greenwich","Washington","6101"
"10282","New York City","New York","6086"
"11971","Southold","Suffolk","6073"
"14132","Sanborn","Niagara","5999"
"13856","Walton","Delaware","5999"
"14487","Livonia","Livingston","5997"
"11980","Yaphank","Suffolk","5966"
"12822","Corinth","Saratoga","5962"
"14837","Dundee","Yates","5947"
"13135","Phoenix","Oswego","5939"
"12090","Hoosick Falls","Rensselaer","5931"
"12986","Tupper Lake","Franklin","5928"
"10962","Orangeburg","Rockland","5927"
"14569","Warsaw","Wyoming","5910"
"12721","Bloomingburg","Sullivan","5881"
"12518","Cornwall","Orange","5861"
"14174","Youngstown","Niagara","5843"
"12542","Marlboro","Ulster","5684"
"13309","Boonville","Oneida","5672"
"14303","Niagara Falls","Niagara","5652"
"14469","Bloomfield","Ontario","5646"
"14009","Arcade","Wyoming","5625"
"10983","Tappan","Rockland","5597"
"14036","Corfu","Genesee","5588"
"10594","Thornwood","Westchester","5587"
"14261","Buffalo","Erie","5557"
"10506","Bedford","Westchester","5555"
"13753","Delhi","Delaware","5511"
"14530","Perry","Wyoming","5500"
"13166","Weedsport","Cayuga","5465"
"13778","Greene","Chenango","5458"
"10516","Cold Spring","Putnam","5449"
"14867","Newfield","Tompkins","5431"
"14590","Wolcott","Wayne","5420"
"14551","Sodus","Wayne","5392"
"14727","Cuba","Allegany","5385"
"10502","Ardsley","Westchester","5351"
"12025","Broadalbin","Fulton","5331"
"13159","Tully","Onondaga","5303"
"13624","Clayton","Jefferson","5297"
"10913","Blauvelt","Rockland","5294"
"14432","Clifton Springs","Ontario","5277"
"14505","Marion","Wayne","5277"
"14801","Addison","Steuben","5234"
"14108","Newfane","Niagara","5196"
"13068","Freeville","Tompkins","5184"
"11579","Sea Cliff","Nassau","5183"
"13605","Adams","Jefferson","5173"
"13326","Cooperstown","Otsego","5165"
"12123","Nassau","Rensselaer","5120"
"13830","Oxford","Chenango","5119"
"13733","Bainbridge","Chenango","5112"
"12962","Morrisonville","Clinton","5084"
"14871","Pine City","Chemung","5081"
"14131","Ransomville","Niagara","5056"
"11942","East Quogue","Suffolk","5053"
"10993","West Haverstraw","Rockland","5044"
"10576","Pound Ridge","Westchester","5036"
"12170","Stillwater","Saratoga","5034"
"12143","Ravena","Albany","5032"
"11952","Mattituck","Suffolk","5031"
"14572","Wayland","Steuben","5017"
"14067","Gasport","Niagara","4971"
"11940","East Moriches","Suffolk","4963"
"12522","Dover Plains","Dutchess","4918"
"13053","Dryden","Tompkins","4861"
"12887","Whitehall","Washington","4857"
"13407","Mohawk","Herkimer","4830"
"12946","Lake Placid","Essex","4819"
"10560","North Salem","Westchester","4814"
"14883","Spencer","Tioga","4808"
"12084","Guilderland","Albany","4806"
"12883","Ticonderoga","Essex","4790"
"14787","Westfield","Chautauqua","4759"
"14105","Middleport","Niagara","4745"
"10532","Hawthorne","Westchester","4739"
"12498","Woodstock","Ulster","4713"
"12446","Kerhonkson","Ulster","4683"
"13452","Saint Johnsville","Montgomery","4671"
"11514","Carle Place","Nassau","4644"
"12816","Cambridge","Washington","4642"
"11804","Old Bethpage","Nassau","4639"
"14546","Scottsville","Monroe","4614"
"12053","Delanson","Schenectady","4611"
"12845","Lake George","Warren","4610"
"12157","Schoharie","Schoharie","4597"
"14541","Romulus","Seneca","4584"
"10916","Campbell Hall","Orange","4582"
"14136","Silver Creek","Chautauqua","4574"
"14510","Mount Morris","Livingston","4571"
"12833","Greenfield Center","Saratoga","4544"
"14512","Naples","Ontario","4542"
"14891","Watkins Glen","Schuyler","4536"
"13140","Port Byron","Cayuga","4534"
"12545","Millbrook","Dutchess","4517"
"12037","Chatham","Columbia","4489"
"14423","Caledonia","Livingston","4479"
"11568","Old Westbury","Nassau","4470"
"13849","Unadilla","Otsego","4449"
"12885","Warrensburg","Warren","4437"
"13602","Fort Drum","Jefferson","4383"
"10963","Otisville","Orange","4367"
"12871","Schuylerville","Saratoga","4361"
"12580","Staatsburg","Dutchess","4359"
"14042","Delevan","Cattaraugus","4359"
"14080","Holland","Erie","4323"
"10464","Bronx","Bronx","4322"
"10524","Garrison","Putnam","4317"
"11715","Blue Point","Suffolk","4287"
"14750","Lakewood","Chautauqua","4277"
"14737","Franklinville","Cattaraugus","4272"
"12134","Northville","Fulton","4232"
"13074","Hannibal","Oswego","4230"
"13329","Dolgeville","Herkimer","4211"
"13082","Kirkville","Onondaga","4201"
"14802","Alfred","Allegany","4171"
"12594","Wingdale","Dutchess","4150"
"11944","Greenport","Suffolk","4144"
"12148","Rexford","Saratoga","4143"
"12122","Middleburgh","Schoharie","4137"
"14548","Shortsville","Ontario","4132"
"10928","Highland Falls","Orange","4132"
"13803","Marathon","Cortland","4131"
"13460","Sherburne","Chenango","4122"
"11796","West Sayville","Suffolk","4112"
"12929","Dannemora","Clinton","4103"
"10548","Montrose","Westchester","4087"
"12196","West Sand Lake","Rensselaer","4072"
"13862","Whitney Point","Broome","4053"
"13456","Sauquoit","Oneida","4039"
"14532","Phelps","Ontario","3998"
"14882","Lansing","Tompkins","3998"
"12027","Burnt Hills","Saratoga","3996"
"14772","Randolph","Cattaraugus","3995"
"13811","Newark Valley","Tioga","3988"
"14485","Lima","Livingston","3976"
"12790","Wurtsboro","Sullivan","3933"
"14433","Clyde","Wayne","3920"
"13833","Port Crane","Broome","3890"
"10925","Greenwood Lake","Orange","3886"
"13838","Sidney","Delaware","3873"
"13308","Blossvale","Oneida","3867"
"13317","Canajoharie","Montgomery","3847"
"12083","Greenville","Greene","3830"
"13084","La Fayette","Onondaga","3814"
"10921","Florida","Orange","3812"
"13033","Cato","Cayuga","3807"
"14025","Boston","Erie","3784"
"13354","Holland Patent","Oneida","3777"
"13748","Conklin","Broome","3766"
"12809","Argyle","Washington","3751"
"14202","Buffalo","Erie","3749"
"12443","Hurley","Ulster","3721"
"13439","Richfield Springs","Otsego","3720"
"13637","Evans Mills","Jefferson","3720"
"13634","Dexter","Jefferson","3706"
"12758","Livingston Manor","Sullivan","3699"
"12944","Keeseville","Essex","3683"
"12404","Accord","Ulster","3679"
"14733","Falconer","Chautauqua","3655"
"13743","Candor","Tioga","3630"
"13476","Vernon","Oneida","3617"
"14416","Bergen","Genesee","3611"
"12543","Maybrook","Orange","3586"
"13408","Morrisville","Madison","3584"
"12992","West Chazy","Clinton","3565"
"11954","Montauk","Suffolk","3563"
"13132","Pennellville","Oswego","3557"
"12526","Germantown","Columbia","3530"
"11697","Breezy Point","Queens","3527"
"14125","Oakfield","Genesee","3514"
"11732","East Norwich","Nassau","3505"
"10987","Tuxedo Park","Orange","3499"
"10926","Harriman","Orange","3482"
"13030","Bridgeport","Onondaga","3470"
"12865","Salem","Washington","3470"
"14823","Canisteo","Steuben","3467"
"12827","Fort Ann","Washington","3455"
"13116","Minoa","Onondaga","3447"
"10998","Westtown","Orange","3428"
"13655","Hogansburg","Franklin","3418"
"14757","Mayville","Chautauqua","3371"
"12487","Ulster Park","Ulster","3370"
"11794","Stony Brook","Suffolk","3363"
"12015","Athens","Greene","3347"
"14062","Forestville","Chautauqua","3331"
"13491","West Winfield","Herkimer","3330"
"14738","Frewsburg","Chautauqua","3319"
"12484","Stone Ridge","Ulster","3318"
"13131","Parish","Oswego","3317"
"11749","Islandia","Suffolk","3315"
"10004","New York City","New York","3310"
"12413","Cairo","Greene","3290"
"14719","Cattaraugus","Cattaraugus","3283"
"10006","New York City","New York","3260"
"13478","Verona","Oneida","3257"
"12154","Schaghticoke","Rensselaer","3249"
"12846","Lake Luzerne","Warren","3248"
"14710","Ashville","Chautauqua","3244"
"10958","New Hampton","Orange","3236"
"13480","Waterville","Oneida","3235"
"13080","Jordan","Onondaga","3227"
"12458","Napanoch","Ulster","3223"
"11719","Brookhaven","Suffolk","3209"
"12449","Lake Katrine","Ulster","3208"
"14812","Beaver Dams","Schuyler","3200"
"13668","Norwood","St. Lawrence","3196"
"10974","Sloatsburg","Rockland","3189"
"12117","Mayfield","Fulton","3163"
"12138","Petersburg","Rensselaer","3156"
"11955","Moriches","Suffolk","3149"
"14111","North Collins","Erie","3146"
"14755","Little Valley","Cattaraugus","3146"
"14543","Rush","Monroe","3145"
"14821","Campbell","Steuben","3141"
"10588","Shrub Oak","Westchester","3102"
"13795","Kirkwood","Broome","3093"
"13411","New Berlin","Chenango","3092"
"11724","Cold Spring Harbor","Suffolk","3089"
"14521","Ovid","Seneca","3077"
"11718","Brightwaters","Suffolk","3070"
"14807","Arkport","Steuben","3070"
"13417","New York Mills","Oneida","3066"
"12072","Fultonville","Montgomery","3065"
"14712","Bemus Point","Chautauqua","3051"
"13060","Elbridge","Onondaga","3050"
"13471","Taberg","Oneida","3045"
"13787","Harpursville","Broome","3039"
"12068","Fonda","Montgomery","3029"
"14098","Lyndonville","Orleans","3028"
"13691","Theresa","Jefferson","3016"
"11935","Cutchogue","Suffolk","3008"
"13461","Sherrill","Oneida","2987"
"11978","Westhampton Beach","Suffolk","2981"
"12520","Cornwall On Hudson","Orange","2970"
"12525","Gardiner","Ulster","2966"
"12074","Galway","Saratoga","2957"
"13438","Remsen","Oneida","2944"
"12788","Woodbourne","Sullivan","2909"
"14735","Fillmore","Allegany","2900"
"13825","Otego","Otsego","2888"
"13754","Deposit","Broome","2883"
"12850","Middle Grove","Saratoga","2866"
"14517","Nunda","Livingston","2846"
"14081","Irving","Chautauqua","2844"
"12821","Comstock","Washington","2839"
"12921","Chazy","Clinton","2835"
"13656","La Fargeville","Jefferson","2834"
"12546","Millerton","Dutchess","2824"
"13332","Earlville","Chenango","2823"
"14561","Stanley","Ontario","2815"
"12547","Milton","Ulster","2810"
"12919","Champlain","Clinton","2805"
"14865","Montour Falls","Schuyler","2784"
"14172","Wilson","Niagara","2781"
"13667","Norfolk","St. Lawrence","2781"
"12514","Clinton Corners","Dutchess","2772"
"10537","Lake Peekskill","Putnam","2769"
"14770","Portville","Cattaraugus","2761"
"13167","West Monroe","Oswego","2756"
"13044","Constantia","Oswego","2742"
"12966","North Bangor","Franklin","2732"
"14840","Hammondsport","Steuben","2730"
"11549","Hempstead","Nassau","2728"
"14724","Clymer","Chautauqua","2723"
"13613","Brasher Falls","St. Lawrence","2698"
"14809","Avoca","Steuben","2676"
"14853","Ithaca","Tompkins","2663"
"12167","Stamford","Delaware","2663"
"10984","Thiells","Rockland","2661"
"13783","Hancock","Delaware","2659"
"12183","Troy","Albany","2647"
"12531","Holmes","Dutchess","2645"
"12918","Cadyville","Clinton","2641"
"14716","Brocton","Chautauqua","2640"
"13730","Afton","Chenango","2630"
"11977","Westhampton","Suffolk","2629"
"12567","Pine Plains","Dutchess","2608"
"13164","Warners","Onondaga","2607"
"13654","Heuvelton","St. Lawrence","2603"
"13620","Castorland","Lewis","2592"
"14715","Bolivar","Allegany","2585"
"12056","Duanesburg","Schenectady","2543"
"14604","Rochester","Monroe","2536"
"12835","Hadley","Saratoga","2530"
"12075","Ghent","Columbia","2530"
"14525","Pavilion","Genesee","2524"
"14775","Ripley","Chautauqua","2520"
"10973","Slate Hill","Orange","2510"
"14817","Brooktondale","Tompkins","2508"
"11548","Greenvale","Nassau","2491"
"13092","Locke","Cayuga","2484"
"10968","Piermont","Rockland","2466"
"13606","Adams Center","Jefferson","2456"
"13101","Mc Graw","Cortland","2448"
"12759","Loch Sheldrake","Sullivan","2443"
"12916","Brushton","Franklin","2436"
"12979","Rouses Point","Clinton","2435"
"13146","Savannah","Wayne","2433"
"14034","Collins","Erie","2428"
"12859","Porter Corners","Saratoga","2425"
"14739","Friendship","Allegany","2421"
"13658","Lisbon","St. Lawrence","2414"
"12981","Saranac","Clinton","2401"
"12920","Chateaugay","Franklin","2387"
"14471","Honeoye","Ontario","2385"
"13042","Cleveland","Oswego","2383"
"12926","Constable","Franklin","2380"
"12023","Berne","Albany","2376"
"13424","Oriskany","Oneida","2375"
"14847","Interlaken","Seneca","2375"
"14012","Barker","Niagara","2374"
"13040","Cincinnatus","Cortland","2370"
"12776","Roscoe","Sullivan","2361"
"12149","Richmondville","Schoharie","2358"
"13363","Lee Center","Oneida","2358"
"14170","West Falls","Erie","2350"
"13459","Sharon Springs","Schoharie","2343"
"14516","North Rose","Wayne","2338"
"14873","Prattsburgh","Steuben","2328"
"14435","Conesus","Livingston","2327"
"14560","Springwater","Livingston","2320"
"13493","Williamstown","Oswego","2318"
"14005","Alexander","Genesee","2312"
"10976","Sparkill","Rockland","2300"
"10511","Buchanan","Westchester","2300"
"13143","Red Creek","Wayne","2300"
"12106","Kinderhook","Columbia","2299"
"11964","Shelter Island","Suffolk","2287"
"14544","Rushville","Yates","2280"
"14627","Rochester","Monroe","2280"
"14782","Sinclairville","Chautauqua","2272"
"14826","Cohocton","Steuben","2271"
"13626","Copenhagen","Lewis","2271"
"14476","Kendall","Orleans","2270"
"12207","Albany","Albany","2264"
"14813","Belmont","Allegany","2264"
"13797","Lisle","Broome","2262"
"12094","Johnsonville","Rensselaer","2260"
"13812","Nichols","Tioga","2258"
"14879","Savona","Steuben","2257"
"13409","Munnsville","Madison","2255"
"14533","Piffard","Livingston","2254"
"11005","Floral Park","Queens","2249"
"12817","Chestertown","Warren","2243"
"13160","Union Springs","Cayuga","2242"
"13843","South New Berlin","Chenango","2241"
"13685","Sackets Harbor","Jefferson","2238"
"13612","Black River","Jefferson","2233"
"12581","Stanfordville","Dutchess","2231"
"13673","Philadelphia","Jefferson","2231"
"14767","Panama","Chautauqua","2224"
"13616","Calcium","Jefferson","2202"
"13110","Marietta","Onondaga","2198"
"13324","Cold Brook","Herkimer","2195"
"12910","Altona","Clinton","2190"
"12057","Eagle Bridge","Washington","2176"
"12780","Sparrow Bush","Orange","2165"
"12583","Tivoli","Dutchess","2160"
"14058","Elba","Genesee","2160"
"12501","Amenia","Dutchess","2158"
"12974","Port Henry","Essex","2152"
"12775","Rock Hill","Sullivan","2151"
"13425","Oriskany Falls","Oneida","2143"
"12197","Worcester","Otsego","2139"
"12173","Stuyvesant","Columbia","2139"
"13622","Chaumont","Jefferson","2138"
"13320","Cherry Valley","Otsego","2119"
"12466","Port Ewen","Ulster","2110"
"12121","Melrose","Rensselaer","2110"
"14744","Houghton","Allegany","2103"
"12578","Salt Point","Dutchess","2100"
"13120","Nedrow","Onondaga","2092"
"13736","Berkshire","Tioga","2086"
"12996","Willsboro","Essex","2084"
"13416","Newport","Herkimer","2079"
"14422","Byron","Genesee","2074"
"14427","Castile","Wyoming","2073"
"12747","Hurleyville","Sullivan","2072"
"14806","Andover","Allegany","2060"
"13648","Harrisville","Lewis","2056"
"12748","Jeffersonville","Sullivan","2042"
"14838","Erin","Chemung","2039"
"13076","Hastings","Oswego","2037"
"13495","Yorkville","Oneida","2035"
"14818","Burdett","Schuyler","2029"
"14171","West Valley","Cattaraugus","2029"
"12928","Crown Point","Essex","2029"
"13083","Lacona","Oswego","2027"
"14139","South Wales","Erie","2020"
"12958","Mooers","Clinton","2020"
"14747","Kennedy","Chautauqua","2015"
"12789","Woodridge","Sullivan","2009"
"12185","Valley Falls","Rensselaer","2007"
"12137","Pattersonville","Schenectady","1993"
"12168","Stephentown","Rensselaer","1993"
"14726","Conewango Valley","Cattaraugus","1980"
"12155","Schenevus","Otsego","1979"
"12070","Fort Johnson","Montgomery","1974"
"14743","Hinsdale","Cattaraugus","1938"
"12575","Rock Tavern","Orange","1930"
"12577","Salisbury Mills","Orange","1929"
"12740","Grahamsville","Sullivan","1927"
"13034","Cayuga","Cayuga","1925"
"12052","Cropseyville","Rensselaer","1921"
"12529","Hillsdale","Columbia","1919"
"14481","Leicester","Livingston","1906"
"12912","Au Sable Forks","Clinton","1903"
"13431","Poland","Herkimer","1902"
"14718","Cassadaga","Chautauqua","1899"
"12193","Westerlo","Albany","1888"
"14814","Big Flats","Chemung","1883"
"14030","Chaffee","Erie","1882"
"12516","Copake","Columbia","1882"
"12937","Fort Covington","Franklin","1880"
"13646","Hammond","St. Lawrence","1879"
"14711","Belfast","Allegany","1874"
"12486","Tillson","Ulster","1874"
"10526","Goldens Bridge","Westchester","1860"
"14880","Scio","Allegany","1847"
"11976","Water Mill","Suffolk","1847"
"12066","Esperance","Montgomery","1837"
"10986","Tomkins Cove","Rockland","1836"
"12853","North Creek","Warren","1834"
"13734","Barton","Tioga","1828"
"13063","Fabius","Onondaga","1827"
"14203","Buffalo","Erie","1819"
"12523","Elizaville","Columbia","1810"
"12737","Glen Spey","Sullivan","1800"
"14741","Great Valley","Cattaraugus","1796"
"11509","Atlantic Beach","Nassau","1790"
"14167","Varysburg","Wyoming","1788"
"14138","South Dayton","Cattaraugus","1786"
"14781","Sherman","Chautauqua","1782"
"13775","Franklin","Delaware","1780"
"10922","Fort Montgomery","Orange","1778"
"12192","West Coxsackie","Greene","1778"
"13697","Winthrop","St. Lawrence","1776"
"13158","Truxton","Cortland","1772"
"14898","Woodhull","Steuben","1772"
"12764","Narrowsburg","Sullivan","1770"
"11941","Eastport","Suffolk","1770"
"13111","Martville","Cayuga","1769"
"12977","Ray Brook","Essex","1763"
"13327","Croghan","Lewis","1762"
"13809","Mount Upton","Chenango","1761"
"13156","Sterling","Cayuga","1757"
"14804","Almond","Allegany","1739"
"12870","Schroon Lake","Essex","1736"
"12481","Shokan","Ulster","1732"
"13304","Barneveld","Oneida","1726"
"12059","East Berne","Albany","1719"
"14040","Darien Center","Genesee","1719"
"14101","Machias","Cattaraugus","1718"
"14065","Freedom","Cattaraugus","1705"
"13026","Aurora","Cayuga","1705"
"12779","South Fallsburg","Sullivan","1701"
"12463","Palenville","Greene","1700"
"13608","Antwerp","Jefferson","1698"
"12060","East Chatham","Columbia","1687"
"13679","Redwood","Jefferson","1686"
"13112","Memphis","Onondaga","1683"
"12140","Poestenkill","Rensselaer","1681"
"14013","Basom","Genesee","1680"
"12592","Wassaic","Dutchess","1671"
"13024","Auburn","Cayuga","1671"
"13428","Palatine Bridge","Montgomery","1668"
"12491","West Hurley","Ulster","1660"
"13433","Port Leyden","Lewis","1657"
"12515","Clintondale","Ulster","1657"
"12729","Cuddebackville","Orange","1650"
"10917","Central Valley","Orange","1650"
"13680","Rensselaer Falls","St. Lawrence","1643"
"13660","Madrid","St. Lawrence","1641"
"13052","De Ruyter","Madison","1626"
"13328","Deansboro","Oneida","1622"
"13661","Mannsville","Jefferson","1609"
"13144","Richland","Oswego","1608"
"13490","Westmoreland","Oneida","1606"
"12783","Swan Lake","Sullivan","1605"
"12093","Jefferson","Schoharie","1602"
"12062","East Nassau","Rensselaer","1601"
"14504","Manchester","Ontario","1593"
"14889","Van Etten","Chemung","1580"
"13746","Chenango Forks","Broome","1578"
"14478","Keuka Park","Yates","1577"
"13343","Glenfield","Lewis","1572"
"14028","Burt","Niagara","1571"
"12430","Fleischmanns","Delaware","1570"
"12723","Callicoon","Sullivan","1561"
"13650","Henderson","Jefferson","1559"
"12957","Moira","Franklin","1559"
"14591","Wyoming","Wyoming","1556"
"12067","Feura Bush","Albany","1554"
"14054","East Bethany","Genesee","1554"
"12455","Margaretville","Delaware","1553"
"14008","Appleton","Niagara","1547"
"13652","Hermon","St. Lawrence","1544"
"14466","Hemlock","Livingston","1526"
"13618","Cape Vincent","Jefferson","1525"
"13808","Morris","Otsego","1524"
"12521","Craryville","Columbia","1522"
"14129","Perrysburg","Cattaraugus","1519"
"12496","Windham","Greene","1516"
"13630","De Kalb Junction","St. Lawrence","1515"
"12116","Maryland","Otsego","1506"
"10964","Palisades","Rockland","1506"
"13054","Durhamville","Oneida","1500"
"12504","Annandale On Hudson","Dutchess","1490"
"12993","Westport","Essex","1486"
"13302","Altmar","Oswego","1483"
"12472","Rosendale","Ulster","1482"
"12959","Mooers Forks","Clinton","1474"
"13315","Burlington Flats","Otsego","1471"
"13625","Colton","St. Lawrence","1470"
"14477","Kent","Orleans","1460"
"13801","Mc Donough","Chenango","1457"
"14145","Strykersville","Wyoming","1456"
"13303","Ava","Oneida","1454"
"12440","High Falls","Ulster","1449"
"13607","Alexandria Bay","Jefferson","1445"
"13402","Madison","Madison","1441"
"12726","Cochecton","Sullivan","1440"
"13355","Hubbardsville","Madison","1440"
"12935","Ellenburg Depot","Clinton","1428"
"12451","Leeds","Greene","1425"
"14091","Lawtons","Erie","1422"
"14709","Angelica","Allegany","1421"
"13145","Sandy Creek","Oswego","1410"
"14024","Bliss","Wyoming","1408"
"12941","Jay","Essex","1402"
"13757","East Meredith","Delaware","1396"
"12785","Westbrookville","Sullivan","1390"
"10578","Purdys","Westchester","1386"
"13335","Edmeston","Otsego","1386"
"13348","Hartwick","Otsego","1381"
"12086","Hagaman","Montgomery","1379"
"13464","Smyrna","Chenango","1368"
"13813","Nineveh","Broome","1368"
"14102","Marilla","Erie","1367"
"13810","Mount Vision","Otsego","1362"
"14778","Saint Bonaventure","Cattaraugus","1349"
"14033","Colden","Erie","1344"
"12917","Burke","Franklin","1344"
"12461","Olivebridge","Ulster","1343"
"14055","East Concord","Erie","1337"
"10505","Baldwin Place","Westchester","1336"
"13694","Waddington","St. Lawrence","1328"
"12423","East Durham","Greene","1320"
"14571","Waterport","Orleans","1314"
"13835","Richford","Tioga","1310"
"11739","Great River","Suffolk","1307"
"13744","Castle Creek","Broome","1307"
"12903","Plattsburgh","Clinton","1306"
"12151","Round Lake","Saratoga","1302"
"13318","Cassville","Oneida","1300"
"14731","Ellicottville","Cattaraugus","1291"
"10919","Circleville","Orange","1286"
"14869","Odessa","Schuyler","1276"
"13338","Forestport","Oneida","1263"
"12814","Bolton Landing","Warren","1259"
"14550","Silver Springs","Wyoming","1256"
"13839","Sidney Center","Delaware","1251"
"10162","New York City","New York","1240"
"13469","Stittville","Oneida","1238"
"10501","Amawalk","Westchester","1237"
"14858","Lindley","Steuben","1232"
"13485","West Edmeston","Otsego","1231"
"12719","Barryville","Sullivan","1229"
"12502","Ancram","Columbia","1224"
"13807","Milford","Otsego","1214"
"12932","Elizabethtown","Essex","1210"
"13081","King Ferry","Cayuga","1203"
"14066","Gainesville","Wyoming","1188"
"12076","Gilboa","Schoharie","1188"
"13368","Lyons Falls","Lewis","1184"
"14753","Limestone","Cattaraugus","1182"
"13122","New Woodstock","Madison","1181"
"13864","Willseyville","Tioga","1181"
"12956","Mineville","Essex","1180"
"11569","Point Lookout","Nassau","1175"
"14861","Lowman","Chemung","1153"
"14614","Rochester","Monroe","1151"
"13681","Richville","St. Lawrence","1149"
"12166","Sprakers","Montgomery","1145"
"11939","East Marion","Suffolk","1144"
"12837","Hampton","Washington","1140"
"12548","Modena","Ulster","1133"
"14860","Lodi","Seneca","1132"
"12733","Fallsburg","Sullivan","1129"
"12431","Freehold","Greene","1125"
"12989","Vermontville","Franklin","1114"
"14842","Himrod","Yates","1111"
"13635","Edwards","St. Lawrence","1108"
"12046","Coeymans Hollow","Albany","1103"
"11932","Bridgehampton","Suffolk","1099"
"10969","Pine Island","Orange","1098"
"14723","Cherry Creek","Chautauqua","1098"
"14109","Niagara University","Niagara","1089"
"10546","Millwood","Westchester","1085"
"12125","New Lebanon","Columbia","1084"
"13334","Eaton","Madison","1083"
"12029","Canaan","Columbia","1082"
"14859","Lockwood","Tioga","1076"
"12087","Hannacroix","Greene","1069"
"12997","Wilmington","Essex","1067"
"13420","Old Forge","Herkimer","1064"
"13796","Laurens","Otsego","1063"
"12913","Bloomingdale","Essex","1059"
"12934","Ellenburg Center","Clinton","1059"
"14728","Dewittville","Chautauqua","1056"
"12489","Wawarsing","Ulster","1055"
"12980","Saint Regis Falls","Franklin","1053"
"10596","Verplanck","Westchester","1051"
"14894","Wellsburg","Chemung","1051"
"14555","Sodus Point","Wayne","1048"
"10518","Cross River","Westchester","1041"
"12967","North Lawrence","St. Lawrence","1035"
"14740","Gerry","Chautauqua","1032"
"10931","Hillburn","Rockland","1031"
"13147","Scipio Center","Cayuga","1031"
"13477","Vernon Center","Oneida","1029"
"12815","Brant Lake","Warren","1027"
"11957","Orient","Suffolk","1023"
"12751","Kiamesha Lake","Sullivan","1019"
"12092","Howes Cave","Schoharie","1008"
"12565","Philmont","Columbia","997"
"14769","Portland","Chautauqua","996"
"12985","Schuyler Falls","Clinton","994"
"14729","East Otto","Cattaraugus","990"
"11972","Speonk","Suffolk","983"
"13755","Downsville","Delaware","982"
"12058","Earlton","Greene","971"
"12456","Mount Marion","Ulster","968"
"14846","Hunt","Livingston","966"
"13802","Maine","Broome","964"
"12427","Elka Park","Greene","962"
"14864","Millport","Chemung","961"
"12464","Phoenicia","Ulster","958"
"13473","Turin","Lewis","958"
"14805","Alpine","Schuyler","958"
"12468","Prattsville","Greene","955"
"13325","Constableville","Lewis","955"
"14822","Canaseraga","Allegany","947"
"13731","Andes","Delaware","946"
"12824","Diamond Point","Warren","946"
"14506","Mendon","Monroe","939"
"14143","Stafford","Genesee","938"
"14784","Stockton","Chautauqua","938"
"12765","Neversink","Sullivan","937"
"12474","Roxbury","Delaware","934"
"13071","Genoa","Cayuga","934"
"14418","Branchport","Yates","932"
"14836","Dalton","Livingston","931"
"12768","Parksville","Sullivan","930"
"12585","Verbank","Dutchess","928"
"13028","Bernhards Bay","Oswego","926"
"12457","Mount Tremper","Ulster","911"
"13615","Brownville","Jefferson","905"
"14480","Lakeville","Livingston","904"
"12442","Hunter","Greene","901"
"13788","Hobart","Delaware","899"
"14037","Cowlesville","Wyoming","897"
"14507","Middlesex","Yates","894"
"12130","Niverville","Columbia","892"
"12914","Bombay","Franklin","891"
"13322","Clayville","Oneida","888"
"13752","De Lancey","Delaware","886"
"13072","Georgetown","Madison","884"
"14839","Greenwood","Steuben","881"
"12863","Rock City Falls","Saratoga","880"
"13061","Erieville","Madison","877"
"12873","Shushan","Washington","875"
"13361","Jordanville","Herkimer","872"
"11765","Mill Neck","Nassau","871"
"13406","Middleville","Herkimer","865"
"12777","Forestburgh","Sullivan","863"
"12150","Rotterdam Junction","Schenectady","849"
"13684","Russell","St. Lawrence","842"
"12160","Sloansville","Schoharie","841"
"12970","Paul Smiths","Franklin","839"
"10527","Granite Springs","Westchester","829"
"12734","Ferndale","Sullivan","828"
"13310","Bouckville","Madison","828"
"13782","Hamden","Delaware","824"
"12930","Dickinson Center","Franklin","815"
"12434","Grand Gorge","Delaware","813"
"12153","Sand Lake","Rensselaer","809"
"14820","Cameron Mills","Steuben","807"
"13454","Salisbury Center","Herkimer","800"
"13750","Davenport","Delaware","788"
"14855","Jasper","Steuben","785"
"14825","Chemung","Chemung","784"
"12762","Mongaup Valley","Sullivan","783"
"13739","Bloomville","Delaware","783"
"14803","Alfred Station","Allegany","782"
"14815","Bradford","Steuben","776"
"14897","Whitesville","Allegany","772"
"12063","East Schodack","Rensselaer","770"
"12842","Indian Lake","Hamilton","765"
"12494","West Shokan","Ulster","762"
"13319","Chadwicks","Oneida","761"
"12032","Caroga Lake","Fulton","753"
"12732","Eldred","Sullivan","753"
"12156","Schodack Landing","Rensselaer","752"
"14720","Celoron","Chautauqua","749"
"12791","Youngsville","Sullivan","745"
"14885","Troupsburg","Steuben","742"
"12120","Medusa","Albany","733"
"12409","Bearsville","Ulster","723"
"11960","Remsenburg","Suffolk","721"
"14462","Groveland","Livingston","718"
"13780","Guilford","Chenango","708"
"12028","Buskirk","Rensselaer","707"
"13486","Westernville","Oneida","701"
"10597","Waccabuc","Westchester","699"
"14819","Cameron","Steuben","696"
"12406","Arkville","Delaware","695"
"12190","Wells","Hamilton","687"
"12763","Mountain Dale","Sullivan","684"
"12857","Olmstedville","Essex","684"
"11958","Peconic","Suffolk","683"
"12041","Clarksville","Albany","681"
"13863","Willet","Cortland","681"
"13844","South Plymouth","Chenango","674"
"12950","Lewis","Essex","674"
"14777","Rushford","Allegany","673"
"11948","Laurel","Suffolk","670"
"14841","Hector","Schuyler","665"
"13470","Stratford","Fulton","665"
"12878","Stony Creek","Warren","663"
"12942","Keene","Essex","663"
"12746","Huguenot","Orange","663"
"14126","Olcott","Niagara","661"
"12136","Old Chatham","Columbia","658"
"13682","Rodman","Jefferson","654"
"12022","Berlin","Rensselaer","652"
"12485","Tannersville","Greene","650"
"12469","Preston Hollow","Albany","642"
"14069","Glenwood","Erie","642"
"12175","Summit","Schoharie","639"
"13321","Clark Mills","Oneida","639"
"14824","Cayuta","Schuyler","639"
"12838","Hartford","Washington","638"
"12960","Moriah","Essex","635"
"12810","Athol","Warren","630"
"13337","Fly Creek","Otsego","628"
"13842","South Kortright","Delaware","627"
"13665","Natural Bridge","Jefferson","626"
"11547","Glenwood Landing","Nassau","625"
"11930","Amagansett","Suffolk","618"
"12503","Ancramdale","Columbia","617"
"12482","South Cairo","Greene","612"
"12836","Hague","Warren","605"
"14714","Black Creek","Allegany","604"
"14536","Portageville","Wyoming","599"
"10988","Unionville","Orange","596"
"12604","Poughkeepsie","Dutchess","594"
"12884","Victory Mills","Saratoga","593"
"14877","Rexville","Steuben","583"
"12035","Central Bridge","Schoharie","579"
"12405","Acra","Greene","579"
"12473","Round Top","Greene","573"
"11959","Quogue","Suffolk","571"
"13690","Star Lake","St. Lawrence","569"
"14026","Bowmansville","Erie","568"
"12470","Purling","Greene","564"
"13832","Plymouth","Chenango","563"
"13841","Smithville Flats","Chenango","561"
"12417","Connelly","Ulster","559"
"12444","Jewett","Greene","555"
"12923","Churubusco","Clinton","555"
"14748","Kill Buck","Cattaraugus","548"
"12177","Tribes Hill","Montgomery","547"
"14872","Pine Valley","Chemung","547"
"12124","New Baltimore","Greene","545"
"14816","Breesport","Chemung","544"
"12008","Alplaus","Schenectady","542"
"13489","West Leyden","Lewis","538"
"12965","Nicholville","St. Lawrence","537"
"14878","Rock Stream","Yates","536"
"14754","Little Genesee","Allegany","533"
"12861","Putnam Station","Washington","530"
"12823","Cossayuna","Washington","527"
"12174","Stuyvesant Falls","Columbia","526"
"12187","Warnerville","Schoharie","519"
"12432","Glasco","Ulster","514"
"14808","Atlanta","Steuben","514"
"13141","Preble","Cortland","510"
"13776","Gilbertsville","Otsego","507"
"12574","Rhinecliff","Dutchess","502"
"12778","Smallwood","Sullivan","500"
"14082","Java Center","Wyoming","498"
"10517","Crompond","Westchester","497"
"12147","Rensselaerville","Albany","495"
"12419","Cottekill","Ulster","495"
"13621","Chase Mills","St.Lawrence","494"
"13155","South Otselic","Chenango","491"
"13157","Sylvan Beach","Oneida","489"
"14113","North Java","Wyoming","488"
"13123","North Bay","Oneida","485"
"12433","Glenford","Ulster","483"
"13740","Bovina Center","Delaware","483"
"12843","Johnsburg","Warren","482"
"12860","Pottersville","Warren","480"
"12760","Long Eddy","Sullivan","478"
"13468","Springfield Center","Otsego","478"
"14060","Farmersville Station","Cattaraugus","478"
"13670","Oswegatchie","St. Lawrence","476"
"13846","Treadwell","Delaware","475"
"11042","New Hyde Park","Nassau","475"
"13153","Skaneateles Falls","Onondaga","469"
"13786","Harpersfield","Delaware","464"
"13163","Wampsville","Madison","462"
"14486","Linwood","Genesee","462"
"12412","Boiceville","Ulster","460"
"13687","South Colton","St. Lawrence","458"
"11965","Shelter Island Heights","Suffolk","456"
"13313","Bridgewater","Oneida","451"
"12045","Coeymans","Albany","449"
"12945","Lake Clear","Franklin","449"
"12017","Austerlitz","Columbia","445"
"12416","Chichester","Ulster","439"
"13672","Parishville","St. Lawrence","439"
"12420","Cragsmoor","Ulster","436"
"13777","Glen Aubrey","Broome","433"
"13756","East Branch","Delaware","431"
"12513","Claverack","Columbia","431"
"12085","Guilderland Center","Albany","430"
"11947","Jamesport","Suffolk","423"
"12936","Essex","Essex","420"
"10933","Johnson","Orange","417"
"13693","Three Mile Bay","Jefferson","408"
"12480","Shandaken","Ulster","407"
"12164","Speculator","Hamilton","402"
"13638","Felts Mills","Jefferson","401"
"12847","Long Lake","Hamilton","400"
"14511","Mumford","Monroe","399"
"14717","Caneadea","Allegany","394"
"12749","Kauneonga Lake","Sullivan","393"
"12743","Highland Lake","Sullivan","391"
"11970","South Jamesport","Suffolk","391"
"12517","Copake Falls","Columbia","391"
"10914","Blooming Grove","Orange","391"
"12448","Lake Hill","Ulster","387"
"12471","Rifton","Ulster","384"
"13659","Lorraine","Jefferson","382"
"12439","Hensonville","Greene","380"
"12454","Maplecrest","Greene","380"
"13861","West Oneonta","Otsego","379"
"12475","Ruby","Ulster","373"
"12176","Surprise","Greene","373"
"12410","Big Indian","Ulster","366"
"12955","Lyon Mountain","Clinton","366"
"13136","Pitcher","Chenango","360"
"13614","Brier Hill","St. Lawrence","355"
"12108","Lake Pleasant","Hamilton","354"
"12169","Stephentown","Rensselaer","353"
"11956","New Suffolk","Suffolk","353"
"12851","Minerva","Essex","353"
"12132","North Chatham","Columbia","352"
"13410","Nelliston","Montgomery","350"
"12411","Bloomington","Ulster","349"
"13664","Morristown","St. Lawrence","348"
"13435","Prospect","Oneida","347"
"12969","Owls Head","Franklin","347"
"12453","Malden On Hudson","Ulster","345"
"14061","Farnham","Erie","345"
"12852","Newcomb","Essex","344"
"12460","Oak Hill","Greene","340"
"14752","Lily Dale","Chautauqua","339"
"12786","White Lake","Sullivan","336"
"13804","Masonville","Delaware","332"
"13312","Brantingham","Lewis","332"
"13678","Raymondville","St. Lawrence","330"
"13437","Redfield","Oswego","326"
"12738","Glen Wild","Sullivan","322"
"12071","Fultonham","Schoharie","319"
"13483","Westdale","Oneida","317"
"12429","Esopus","Ulster","314"
"12943","Keene Valley","Essex","314"
"12998","Witherbee","Essex","313"
"12418","Cornwallville","Greene","313"
"12064","East Worcester","Otsego","307"
"14783","Steamburg","Cattaraugus","306"
"10519","Croton Falls","Westchester","305"
"12952","Lyon Mountain","Clinton","305"
"12849","Middle Granville","Washington","303"
"12465","Pine Hill","Ulster","301"
"14441","Dresden","Yates","301"
"11962","Sagaponack","Suffolk","296"
"12752","Lake Huntington","Sullivan","296"
"12069","Fort Hunter","Montgomery","294"
"12844","Kattskill Bay","Warren","292"
"12856","North River","Warren","291"
"13117","Montezuma","Cayuga","289"
"14475","Ionia","Ontario","287"
"14884","Swain","Allegany","284"
"13834","Portlandville","Otsego","279"
"12787","White Sulphur Springs","Sullivan","278"
"12927","Cranberry Lake","St. Lawrence","276"
"14856","Kanona","Steuben","275"
"12886","Wevertown","Warren","273"
"13640","Wellesley Island","Jefferson","272"
"12422","Durham","Greene","272"
"13418","North Brookfield","Madison","268"
"14874","Pulteney","Steuben","260"
"13113","Meridian","Cayuga","258"
"12978","Redford","Clinton","258"
"14302","Niagara Falls","Niagara","255"
"10535","Jefferson Valley","Westchester","254"
"12452","Lexington","Greene","253"
"12036","Charlotteville","Schoharie","252"
"12767","Obernburg","Sullivan","250"
"13675","Plessis","Jefferson","250"
"13633","De Peyster","St. Lawrence","249"
"12766","North Branch","Sullivan","248"
"12770","Pond Eddy","Sullivan","248"
"13162","Verona Beach","Oneida","248"
"12745","Hortonville","Sullivan","247"
"12724","Callicoon Center","Sullivan","246"
"12195","West Lebanon","Columbia","245"
"12855","North Hudson","Essex","244"
"12512","Chelsea","Dutchess","244"
"14742","Greenhurst","Chautauqua","244"
"13087","Little York","Cortland","243"
"12808","Adirondack","Warren","243"
"12961","Moriah Center","Essex","243"
"12781","Summitville","Sullivan","242"
"12987","Upper Jay","Essex","242"
"13494","Woodgate","Oneida","240"
"13666","Newton Falls","St. Lawrence","240"
"14708","Alma","Allegany","239"
"13115","Minetto","Oswego","238"
"13636","Ellisburg","Jefferson","237"
"12819","Clemons","Washington","236"
"12042","Climax","Greene","233"
"12750","Kenoza Lake","Sullivan","233"
"13314","Brookfield","Madison","232"
"14130","Pike","Wyoming","231"
"12769","Phillipsport","Sullivan","229"
"13342","Garrattsville","Otsego","229"
"12976","Rainbow Lake","Franklin","228"
"14545","Scottsburg","Livingston","227"
"13103","Mallory","Oswego","226"
"13806","Meridale","Delaware","224"
"13364","Leonardsville","Madison","222"
"11430","Jamaica","Queens","220"
"12975","Port Kent","Essex","217"
"13784","Harford","Cortland","215"
"12812","Blue Mountain Lake","Hamilton","214"
"14722","Chautauqua","Chautauqua","214"
"13628","Deferiet","Jefferson","211"
"12507","Barrytown","Dutchess","210"
"12421","Denver","Delaware","207"
"12483","Spring Glen","Ulster","205"
"13305","Beaver Falls","Lewis","204"
"12165","Spencertown","Columbia","200"
"13064","Fair Haven","Oswego","198"
"13301","Alder Creek","Oneida","198"
"13774","Fishs Eddy","Delaware","198"
"13441","Rome","Oneida","197"
"14588","Willard","Seneca","191"
"13674","Pierrepont Manor","Jefferson","191"
"13751","Davenport Center","Delaware","189"
"14736","Findley Lake","Chautauqua","188"
"13134","Peterboro","Madison","187"
"12172","Stottville","Columbia","187"
"12424","East Jewett","Greene","185"
"12161","South Bethlehem","Albany","183"
"12436","Haines Falls","Greene","182"
"14041","Dayton","Cattaraugus","180"
"14732","Ellington","Chautauqua","180"
"12741","Hankins","Sullivan","175"
"12459","New Kingston","Delaware","174"
"12031","Carlisle","Schoharie","174"
"13484","West Eaton","Madison","174"
"12874","Silver Bay","Warren","173"
"13639","Fine","St. Lawrence","172"
"13341","Franklin Springs","Oneida","171"
"11975","Wainscott","Suffolk","170"
"14173","Yorkshire","Cattaraugus","166"
"12493","West Park","Ulster","163"
"14721","Ceres","Allegany","160"
"14537","Port Gibson","Ontario","160"
"13692","Thousand Island Park","Jefferson","155"
"12939","Gabriels","Franklin","155"
"13695","Wanakena","St. Lawrence","152"
"14881","Slaterville Springs","Tompkins","151"
"13345","Greig","Lewis","150"
"10985","Thompson Ridge","Orange","149"
"12841","Huletts Landing","Washington","148"
"12725","Claryville","Sullivan","147"
"13845","Tioga Center","Tioga","147"
"14827","Coopers Plains","Steuben","146"
"12435","Greenfield Park","Ulster","144"
"12139","Piseco","Hamilton","142"
"14479","Knowlesville","Orleans","140"
"12450","Lanesville","Greene","139"
"14774","Richburg","Allegany","137"
"13051","Delphi Falls","Onondaga","135"
"13360","Inlet","Hamilton","134"
"13404","Martinsburg","Lewis","130"
"12407","Ashland","Greene","129"
"13362","Knoxboro","Oneida","129"
"14035","Collins Center","Erie","127"
"12441","Highmount","Ulster","125"
"14415","Bellona","Yates","124"
"12194","West Fulton","Schoharie","122"
"13138","Pompey","Onondaga","121"
"14112","North Evans","Erie","118"
"10545","Maryknoll","Westchester","115"
"13651","Henderson Harbor","Jefferson","112"
"10953","Mountainville","Orange","112"
"12720","Bethel","Sullivan","109"
"12811","Bakers Mills","Warren","108"
"12858","Paradox","Essex","107"
"12792","Yulan","Sullivan","106"
"10503","Ardsley On Hudson","Westchester","106"
"12973","Piercefield","St. Lawrence","104"
"13488","Westford","Otsego","103"
"13124","North Pitcher","Chenango","99"
"13859","Wells Bridge","Otsego","99"
"14134","Sardinia","Erie","99"
"14169","Wales Center","Erie","99"
"12131","North Blenheim","Schoharie","98"
"10279","New York City","New York","96"
"14135","Sheridan","Chautauqua","95"
"12872","Severance","Essex","91"
"10975","Southfields","Orange","91"
"12492","West Kill","Greene","90"
"12736","Fremont Center","Sullivan","90"
"14707","Allentown","Allegany","90"
"13647","Hannawa Falls","St. Lawrence","89"
"12040","Cherry Plain","Rensselaer","87"
"13696","West Stockholm","St. Lawrence","87"
"13450","Roseboom","Otsego","85"
"12495","Willow","Ulster","85"
"11931","Aquebogue","Suffolk","84"
"14542","Rose","Wayne","80"
"13472","Thendara","Herkimer","79"
"10915","Bullville","Orange","79"
"13020","Apulia Station","Onondaga","75"
"13794","Killawog","Broome","75"
"12742","Harris","Sullivan","74"
"13102","Mc Lean","Tompkins","74"
"12964","New Russia","Essex","67"
"14549","Silver Lake","Wyoming","65"
"11770","Ocean Beach","Suffolk","65"
"12933","Ellenburg","Clinton","65"
"13331","Eagle Bay","Herkimer","61"
"12089","Hoosick","Rensselaer","61"
"6390","Fishers Island","Suffolk","61"
"14539","Retsof","Livingston","60"
"12115","Malden Bridge","Columbia","59"
"12924","Keeseville","Clinton","59"
"13847","Trout Creek","Delaware","58"
"14039","Dale","Wyoming","57"
"14585","West Bloomfield","Ontario","50"
"14592","York","Livingston","48"
"12530","Hollowville","Columbia","47"
"10932","Howells","Orange","47"
"13436","Raquette Lake","Hamilton","42"
"11424","Jamaica","Queens","40"
"12490","West Camp","Ulster","39"
"13641","Fishers Landing","Jefferson","38"
"13062","Etna","Tompkins","37"
"11973","Upton","Suffolk","37"
"10979","Sterling Forest","Orange","36"
"12784","Thompsonville","Sullivan","36"
"13333","East Springfield","Otsego","35"
"12922","Childwold","St. Lawrence","32"
"13643","Great Bend","Jefferson","30"
"14168","Versailles","Cattaraugus","29"
"14756","Maple Springs","Chautauqua","28"
"14788","Westons Mills","Cattaraugus","28"
"13415","New Lisbon","Otsego","25"
"13860","West Davenport","Delaware","22"
"12722","Burlingham","Sullivan","21"
"13353","Hoffmeister","Hamilton","17"
"14854","Jacksonville","Tompkins","14"
"12864","Sabael","Hamilton","13"
"13475","Van Hornesville","Herkimer","13"
"13623","Chippewa Bay","St. Lawrence","13"
"14529","Perkinsville","Steuben","12"
"13352","Hinckley","Oneida","10"
"12007","Alcove","Albany","10"
"13677","Pyrites","St. Lawrence","6"
"10020","New York City","New York","0"
"10103","New York City","New York","0"
"10110","New York City","New York","0"
"10111","New York City","New York","0"
"10112","New York City","New York","0"
"10115","New York City","New York","0"
"10119","New York City","New York","0"
"10152","New York City","New York","0"
"10153","New York City","New York","0"
"10154","New York City","New York","0"
"10165","New York City","New York","0"
"10167","New York City","New York","0"
"10168","New York City","New York","0"
"10169","New York City","New York","0"
"10170","New York City","New York","0"
"10171","New York City","New York","0"
"10172","New York City","New York","0"
"10910","Arden","Orange","0"
"10911","Bear Mountain","Rockland","0"
"11451","Jamaica","Queens","0"
"11556","Uniondale","Nassau","0"
"11351","Flushing","Queens","0"
"11359","Bayside","Queens","0"
"11371","Flushing","Queens","0"
"11425","Jamaica","Queens","0"
"10173","New York City","New York","0"
"10174","New York City","New York","0"
"10177","New York City","New York","0"
"10199","New York City","New York","0"
"10271","New York City","New York","0"
"10278","New York City","New York","0"
"10311","Staten Island","Richmond","0"
"13290","Syracuse","Onondaga","0"
"12862","Riparius","Warren","0"
"12911","Keeseville","Clinton","0"
"13826","Ouaquaga","Broome","0"
"14893","Wayne","Schuyler","0"
"12527","Glenham","Dutchess","0"
"12438","Halcottsville","Delaware","0"
"12024","Brainard","Rensselaer","0"